czb_barcode,czb_id,plate,supplier_sample_ID,sampleID,sample_type,site,capture_date,species,recap,previous_ID,sex,class,yoy,mom_baby_pair,mass_g,forearm_mm,age,luminex_titer_CEDF,luminex_titer_CEDG,luminex_titer_EBOV,luminex_titer_HEVF,luminex_titer_HEVG,luminex_titer_NIVF,luminex_titer_NIVG,luminex_titer_MARV,Babesia,Bartonella,extraction_date,notes
RR034B303,RR034B_303_uaRa,2,AMB106_urine,AMB106,urine,"Ambakoana, Madagascar",1/19/16,Pteropus rufus,,,M,A,,,680,160,2.304109589,10,8.5,24.5,12.5,10.5,13,11.5,12,0,NA,5/12/19,
RR034B304,RR034B_304_uaRa,2,AMB116_urine,AMB116,urine,"Ambakoana, Madagascar",1/21/16,Pteropus rufus,,,M,A,,,790,165,2.309589041,100,301,23.75,133.5,75.5,60,46.75,13,1,NA,5/12/19,
RR034B305,RR034B_305_uaRa,2,AMB122_urine,AMB122,urine,"Ambakoana, Madagascar",2/23/18,Pteropus rufus,N,,M,A,N,N,680,164,NA,NA,NA,NA,NA,NA,NA,NA,NA,0,NA,5/25/19,
RR034B306,RR034B_306_uaRa,2,AMB141_urine,AMB141,urine,"Ambakoana, Madagascar",4/16/18,Pteropus rufus,N,,M,A,N,N,710,174,NA,NA,NA,NA,NA,NA,NA,NA,NA,0,NA,5/18/19,
RR034B307,RR034B_307_uaRa,2,AMB15_urine,AMB15,urine,"Ambakoana, Madagascar",11/18/13,Pteropus rufus,,,M,J,,,130,96,NA,NA,NA,NA,NA,NA,NA,NA,NA,NA,NA,NA,
RR034B308,RR034B_308_uaRa,2,AMB160_urine,AMB160,urine,"Ambakoana, Madagascar",1/7/19,Pteropus rufus,N,,F,A,N,N,535,162,NA,NA,NA,NA,NA,NA,NA,NA,NA,0,NA,1/22/19,
RR034B309,RR034B_309_uaRa,2,AMB162_urine,AMB162,urine,"Ambakoana, Madagascar",2/14/19,Pteropus rufus,N,,M,A,N,N,680,174,NA,NA,NA,NA,NA,NA,NA,NA,NA,0,NA,5/25/19,
RR034B310,RR034B_310_uaRa,2,AMB165_urine,AMB165,urine,"Ambakoana, Madagascar",3/22/19,Pteropus rufus,N,,M,A,N,N,575,163,NA,NA,NA,NA,NA,NA,NA,NA,NA,0,NA,5/18/19,
RR034B311,RR034B_311_uaRa,2,AMB170_urine,AMB170,urine,"Ambakoana, Madagascar",3/27/19,Pteropus rufus,N,,M,J,Y,N,255,132.4,NA,NA,NA,NA,NA,NA,NA,NA,NA,0,NA,5/18/19,
RR034B312,RR034B_312_uaRa,2,AMB171_urine,AMB171,urine,"Ambakoana, Madagascar",3/28/19,Pteropus rufus,N,,M,A,N,N,645,167,NA,NA,NA,NA,NA,NA,NA,NA,NA,0,NA,5/25/19,
RR034B313,RR034B_313_uaRa,2,AMB172_urine,AMB172,urine,"Ambakoana, Madagascar",3/31/19,Pteropus rufus,N,,M,A,N,N,670,16.5,NA,NA,NA,NA,NA,NA,NA,NA,NA,0,NA,5/10/19,
RR034B314,RR034B_314_uaRa,2,AMB173_urine,AMB173,urine,"Ambakoana, Madagascar",3/31/19,Pteropus rufus,N,,F,NL,N,N,395,146.7,NA,NA,NA,NA,NA,NA,NA,NA,NA,0,NA,5/10/19,
RR034B315,RR034B_315_uaRa,2,AMB174_urine,AMB174,urine,"Ambakoana, Madagascar",3/31/19,Pteropus rufus,N,,M,A,N,N,735,174,NA,NA,NA,NA,NA,NA,NA,NA,NA,0,NA,5/10/19,
RR034B316,RR034B_316_uaRa,2,AMB61_urine,AMB61,urine,"Ambakoana, Madagascar",12/9/14,Pteropus rufus,,,M,A,,,810,173,2.191780822,18,12.5,14.5,44.75,16,15.75,13.5,17,0,NA,5/12/19,
RR034B317,RR034B_317_uaRa,2,AMB76_urine,AMB76,urine,"Ambakoana, Madagascar",3/22/15,Pteropus rufus,,,M,A,,,770,191,none,17,10.5,41.75,11,13.75,11,13,11,0,NA,5/12/19,
RR034B318,RR034B_318_uaRa,2,AMB8_urine,AMB8,urine,"Ambakoana, Madagascar",11/16/13,Pteropus rufus,,,F,NL,,,640,166,none,NA,10.25,50.5,6.25,8.25,14.5,11,8.25,0,NA,5/12/19,
RR034B319,RR034B_319_uaRa,2,AMB80_urine,AMB80,urine,"Ambakoana, Madagascar",5/11/15,Pteropus rufus,,,M,A,,,860,176,2.610958904,44,43.5,478.5,23.5,68.25,12.5,49.75,118,0,NA,5/12/19,
RR034B323,RR034B_323_uaRa,2,ANGB135_urine,ANGB135,urine,"AngavoBe, Madagascar",4/9/18,Eidolon dupreanum,N,,F,NL,N,N,320,133.9,NA,NA,NA,NA,NA,NA,NA,NA,NA,0,NA,11/22/18,
RR034B324,RR034B_324_uaRa,2,ANGB137_urine,ANGB137,urine,"AngavoBe, Madagascar",4/9/18,Eidolon dupreanum,N,,F,NL,N,N,290,135.8,NA,NA,NA,NA,NA,NA,NA,NA,NA,0,NA,5/25/19,
RR034B325,RR034B_325_uaRa,2,ANGB138_urine,ANGB138,urine,"AngavoBe, Madagascar",4/9/18,Eidolon dupreanum,N,,F,NL,N,N,295,126.8,NA,NA,NA,NA,NA,NA,NA,NA,NA,0,NA,5/25/19,
RR034B326,RR034B_326_uaRa,2,ANGB141_urine,ANGB141,urine,"AngavoBe, Madagascar",4/9/18,Eidolon dupreanum,N,,F,NL,N,N,300,128.9,NA,NA,NA,NA,NA,NA,NA,NA,NA,0,NA,11/27/18,
RR034B327,RR034B_327_uaRa,2,ANGB142_urine,ANGB142,urine,"AngavoBe, Madagascar",4/9/18,Eidolon dupreanum,N,,M,A,N,N,370,131.6,NA,NA,NA,NA,NA,NA,NA,NA,NA,0,NA,11/27/18,
RR034B328,RR034B_328_uaRa,2,ANGB155_urine,ANGB155,urine,"AngavoBe, Madagascar",7/27/18,Eidolon dupreanum,N,,F,NL,N,N,320,131.1,NA,NA,NA,NA,NA,NA,NA,NA,NA,0,NA,11/27/18,
RR034B329,RR034B_329_uaRa,2,ANGB158_urine,ANGB158,urine,"AngavoBe, Madagascar",9/9/18,Eidolon dupreanum,N,,F,P,N,N,385,134.5,NA,NA,NA,NA,NA,NA,NA,NA,NA,0,NA,1/17/19,
RR034B330,RR034B_330_uaRa,2,ANGB161_urine,ANGB161,urine,"AngavoBe, Madagascar",9/9/18,Eidolon dupreanum,N,,M,A,N,N,320,128.9,NA,NA,NA,NA,NA,NA,NA,NA,NA,0,NA,5/25/19,
RR034B331,RR034B_331_uaRa,2,KEL140_urine,KEL140,urine,"AngavoKely, Madagascar",1/10/16,Eidolon dupreanum,,,M,A,,,320,131.3,none,12,18.25,22.25,378,31.5,77,213.5,10.75,0,0,5/14/19,
RR034B332,RR034B_332_uaRa,2,KEL141_urine,KEL141,urine,"AngavoKely, Madagascar",1/10/16,Eidolon dupreanum,,,F,NL,,,312,126,NA,NA,NA,NA,NA,NA,NA,NA,NA,NA,NA,NA,
RR034B333,RR034B_333_uaRa,2,KEL149_urine,KEL149,urine,"AngavoKely, Madagascar",2/15/18,Eidolon dupreanum,N,,F,NL,N,N,380,128.5,NA,NA,NA,NA,NA,NA,NA,NA,NA,0,NA,5/14/19,
RR034B334,RR034B_334_uaRa,2,KEL153_urine,KEL153,urine,"AngavoKely, Madagascar",2/15/18,Eidolon dupreanum,N,,F,NL,N,N,360,123,NA,NA,NA,NA,NA,NA,NA,NA,NA,0,NA,5/14/19,
RR034B335,RR034B_335_uaRa,2,KEL154_urine,KEL154,urine,"AngavoKely, Madagascar",2/15/18,Eidolon dupreanum,N,,F,NL,N,N,340,130,NA,NA,NA,NA,NA,NA,NA,NA,NA,0,NA,5/14/19,
RR034B336,RR034B_336_uaRa,2,KEL156_urine,KEL156,urine,"AngavoKely, Madagascar",2/15/18,Eidolon dupreanum,N,,M,A,N,N,320,111.6,NA,NA,NA,NA,NA,NA,NA,NA,NA,0,NA,5/14/19,
RR034B337,RR034B_337_uaRa,2,KEL157_urine,KEL157,urine,"AngavoKely, Madagascar",2/15/18,Eidolon dupreanum,N,,F,NL,N,N,380,131.4,NA,NA,NA,NA,NA,NA,NA,NA,NA,0,NA,5/14/19,
RR034B338,RR034B_338_uaRa,2,KEL161_urine,KEL161,urine,"AngavoKely, Madagascar",2/15/18,Eidolon dupreanum,N,,M,A,N,N,360,131.08,NA,NA,NA,NA,NA,NA,NA,NA,NA,0,NA,11/21/18,
RR034B339,RR034B_339_uaRa,2,KEL163_urine,KEL163,urine,"AngavoKely, Madagascar",2/15/18,Eidolon dupreanum,N,,F,NL,N,N,360,127,NA,NA,NA,NA,NA,NA,NA,NA,NA,0,NA,5/14/19,
RR034B340,RR034B_340_uaRa,2,KEL164_urine,KEL164,urine,"AngavoKely, Madagascar",2/15/18,Eidolon dupreanum,N,,F,J,Y,N,230,112.9,NA,NA,NA,NA,NA,NA,NA,NA,NA,0,NA,5/14/19,
RR034B341,RR034B_341_uaRa,2,KEL165_urine,KEL165,urine,"AngavoKely, Madagascar",2/15/18,Eidolon dupreanum,N,,F,NL,N,N,355,124.6,NA,NA,NA,NA,NA,NA,NA,NA,NA,0,NA,5/14/19,
RR034B342,RR034B_342_uaRa,2,KEL166_urine,KEL166,urine,"AngavoKely, Madagascar",2/15/18,Eidolon dupreanum,N,,F,J,Y,N,220,109.3,NA,NA,NA,NA,NA,NA,NA,NA,NA,0,NA,5/14/19,
RR034B343,RR034B_343_uaRa,2,KEL168_urine,KEL168,urine,"AngavoKely, Madagascar",2/15/18,Eidolon dupreanum,N,,F,NL,N,N,330,129.6,NA,NA,NA,NA,NA,NA,NA,NA,NA,0,NA,5/14/19,
RR034B344,RR034B_344_uaRa,2,KEL169_urine,KEL169,urine,"AngavoKely, Madagascar",2/15/18,Eidolon dupreanum,N,,M,J,Y,N,205,107.7,NA,NA,NA,NA,NA,NA,NA,NA,NA,0,NA,5/14/19,
RR034B345,RR034B_345_uaRa,2,KEL170_urine,KEL170,urine,"AngavoKely, Madagascar",2/15/18,Eidolon dupreanum,N,,F,NL,N,N,355,124.3,NA,NA,NA,NA,NA,NA,NA,NA,NA,0,NA,5/14/19,
RR034B346,RR034B_346_uaRa,2,KEL171_urine,KEL171,urine,"AngavoKely, Madagascar",2/15/18,Eidolon dupreanum,N,,M,J,Y,N,200,106.8,NA,NA,NA,NA,NA,NA,NA,NA,NA,0,NA,5/14/19,
RR034B347,RR034B_347_uaRa,2,KEL173_urine,KEL173,urine,"AngavoKely, Madagascar",2/15/18,Eidolon dupreanum,N,,F,NL,N,N,315,129.9,NA,NA,NA,NA,NA,NA,NA,NA,NA,0,NA,5/25/19,
RR034B348,RR034B_348_uaRa,2,KEL177_urine,KEL177,urine,"AngavoKely, Madagascar",2/16/18,Eidolon dupreanum,N,,F,NL,N,N,300,123.8,NA,NA,NA,NA,NA,NA,NA,NA,NA,0,NA,5/25/19,
RR034B349,RR034B_349_uaRa,2,KEL178_urine,KEL178,urine,"AngavoKely, Madagascar",2/16/18,Eidolon dupreanum,N,,F,NL,N,N,360,126,NA,NA,NA,NA,NA,NA,NA,NA,NA,0,NA,5/25/19,
RR034B350,RR034B_350_uaRa,2,KEL182_urine,KEL182,urine,"AngavoKely, Madagascar",4/9/18,Eidolon dupreanum,N,,F,NL,N,N,310,124.9,NA,NA,NA,NA,NA,NA,NA,NA,NA,0,NA,5/25/19,
RR034B351,RR034B_351_uaRa,2,KEL183_urine,KEL183,urine,"AngavoKely, Madagascar",4/9/18,Eidolon dupreanum,N,,F,NL,N,N,245,132.2,NA,NA,NA,NA,NA,NA,NA,NA,NA,0,NA,5/25/19,
RR034B352,RR034B_352_uaRa,2,KEL184_urine,KEL184,urine,"AngavoKely, Madagascar",4/9/18,Eidolon dupreanum,N,,F,NL,N,N,295,129.25,NA,NA,NA,NA,NA,NA,NA,NA,NA,0,NA,11/23/18,
RR034B353,RR034B_353_uaRa,2,KEL186_urine,KEL186,urine,"AngavoKely, Madagascar",4/10/18,Eidolon dupreanum,N,,F,NL,N,N,265,131.1,NA,NA,NA,NA,NA,NA,NA,NA,NA,0,NA,11/23/18,
RR034B354,RR034B_354_uaRa,2,KEL187_urine,KEL187,urine,"AngavoKely, Madagascar",4/10/18,Eidolon dupreanum,N,,F,NL,N,N,320,131.6,NA,NA,NA,NA,NA,NA,NA,NA,NA,0,NA,5/14/19,
RR034B355,RR034B_355_uaRa,2,KEL192_urine,KEL192,urine,"AngavoKely, Madagascar",4/10/18,Eidolon dupreanum,N,,F,NL,N,N,315,130.3,NA,NA,NA,NA,NA,NA,NA,NA,NA,0,NA,11/23/18,
RR034B356,RR034B_356_uaRa,2,KEL193_urine,KEL193,urine,"AngavoKely, Madagascar",4/10/18,Eidolon dupreanum,N,,F,J,Y,N,300,127.2,NA,NA,NA,NA,NA,NA,NA,NA,NA,0,NA,11/27/18,
RR034B357,RR034B_357_uaRa,2,KEL194_urine,KEL194,urine,"AngavoKely, Madagascar",4/10/18,Eidolon dupreanum,N,,F,NL,N,N,345,129,NA,NA,NA,NA,NA,NA,NA,NA,NA,0,NA,11/23/18,
RR034B358,RR034B_358_uaRa,2,KEL196_urine,KEL196,urine,"AngavoKely, Madagascar",4/10/18,Eidolon dupreanum,N,,F,NL,N,N,300,128.6,NA,NA,NA,NA,NA,NA,NA,NA,NA,0,NA,11/23/18,
RR034B359,RR034B_359_uaRa,2,KEL197_urine,KEL197,urine,"AngavoKely, Madagascar",4/10/18,Eidolon dupreanum,N,,F,NL,N,N,310,134.5,NA,NA,NA,NA,NA,NA,NA,NA,NA,0,NA,5/14/19,
RR034B360,RR034B_360_uaRa,2,KEL200_urine,KEL200,urine,"AngavoKely, Madagascar",4/10/18,Eidolon dupreanum,N,,F,NL,N,N,340,136.1,NA,NA,NA,NA,NA,NA,NA,NA,NA,0,NA,5/14/19,
RR034B361,RR034B_361_uaRa,2,KEL202_urine,KEL202,urine,"AngavoKely, Madagascar",4/10/18,Eidolon dupreanum,N,,F,NL,N,N,340,132.6,NA,NA,NA,NA,NA,NA,NA,NA,NA,0,NA,11/23/18,
RR034B362,RR034B_362_uaRa,2,KEL204_urine,KEL204,urine,"AngavoKely, Madagascar",4/10/18,Eidolon dupreanum,N,,F,NL,N,N,310,126.7,NA,NA,NA,NA,NA,NA,NA,NA,NA,0,NA,11/23/18,
RR034B363,RR034B_363_uaRa,2,KEL205_urine,KEL205,urine,"AngavoKely, Madagascar",4/10/18,Eidolon dupreanum,N,,F,NL,N,N,320,134,NA,NA,NA,NA,NA,NA,NA,NA,NA,0,NA,5/25/19,
RR034B364,RR034B_364_uaRa,2,KEL206_urine,KEL206,urine,"AngavoKely, Madagascar",4/10/18,Eidolon dupreanum,N,,F,J,Y,N,300,130.1,NA,NA,NA,NA,NA,NA,NA,NA,NA,0,NA,11/23/18,
RR034B365,RR034B_365_uaRa,2,KEL208_urine,KEL208,urine,"AngavoKely, Madagascar",4/10/18,Eidolon dupreanum,Y,,F,NL,N,N,310,126.2,NA,NA,NA,NA,NA,NA,NA,NA,NA,0,NA,11/22/18,
RR034B366,RR034B_366_uaRa,2,KEL209_urine,KEL209,urine,"AngavoKely, Madagascar",4/10/18,Eidolon dupreanum,N,,F,NL,N,N,265,131.7,NA,NA,NA,NA,NA,NA,NA,NA,NA,0,NA,11/23/18,
RR034B367,RR034B_367_uaRa,2,KEL210_urine,KEL210,urine,"AngavoKely, Madagascar",4/10/18,Eidolon dupreanum,N,,F,NL,N,N,280,124.1,NA,NA,NA,NA,NA,NA,NA,NA,NA,0,NA,5/25/19,
RR034B368,RR034B_368_uaRa,2,KEL211_urine,KEL211,urine,"AngavoKely, Madagascar",4/10/18,Eidolon dupreanum,N,,F,NL,N,N,310,131.5,NA,NA,NA,NA,NA,NA,NA,NA,NA,0,NA,11/23/18,
RR034B369,RR034B_369_uaRa,2,KEL212_urine,KEL212,urine,"AngavoKely, Madagascar",4/10/18,Eidolon dupreanum,N,,F,NL,N,N,300,130.2,NA,NA,NA,NA,NA,NA,NA,NA,NA,0,NA,5/25/19,
RR034B370,RR034B_370_uaRa,2,KEL216_urine,KEL216,urine,"AngavoKely, Madagascar",7/27/18,Eidolon dupreanum,N,,F,NL,N,N,330,128.3,NA,NA,NA,NA,NA,NA,NA,NA,NA,0,NA,1/15/19,
RR034B371,RR034B_371_uaRa,2,KEL220_urine,KEL220,urine,"AngavoKely, Madagascar",7/27/18,Eidolon dupreanum,N,,M,A,N,N,300,123.4,NA,NA,NA,NA,NA,NA,NA,NA,NA,0,NA,5/25/19,
RR034B372,RR034B_372_uaRa,2,KEL223_urine,KEL223,urine,"AngavoKely, Madagascar",7/27/18,Eidolon dupreanum,N,,M,A,N,N,350,133.9,NA,NA,NA,NA,NA,NA,NA,NA,NA,0,NA,1/15/19,
RR034B373,RR034B_373_uaRa,2,KEL226_urine,KEL226,urine,"AngavoKely, Madagascar",7/27/18,Eidolon dupreanum,Y,,M,A,N,N,340,115.9,NA,NA,NA,NA,NA,NA,NA,NA,NA,0,NA,1/15/19,
RR034B374,RR034B_374_uaRa,2,KEL227_urine,KEL227,urine,"AngavoKely, Madagascar",7/27/18,Eidolon dupreanum,N,,F,NL,N,N,330,127.6,NA,NA,NA,NA,NA,NA,NA,NA,NA,0,NA,1/15/19,
RR034B375,RR034B_375_uaRa,2,KEL228_urine,KEL228,urine,"AngavoKely, Madagascar",7/27/18,Eidolon dupreanum,N,,F,J,Y,N,230,118,NA,NA,NA,NA,NA,NA,NA,NA,NA,0,NA,5/25/19,
RR034B376,RR034B_376_uaRa,2,KEL230_urine,KEL230,urine,"AngavoKely, Madagascar",7/27/18,Eidolon dupreanum,N,,M,A,N,N,310,127.4,NA,NA,NA,NA,NA,NA,NA,NA,NA,0,NA,1/15/19,
RR034B377,RR034B_377_uaRa,2,KEL232_urine,KEL232,urine,"AngavoKely, Madagascar",7/27/18,Eidolon dupreanum,N,,M,A,N,N,340,126.8,NA,NA,NA,NA,NA,NA,NA,NA,NA,0,NA,5/25/19,
RR034B378,RR034B_378_uaRa,2,KEL235_urine,KEL235,urine,"AngavoKely, Madagascar",7/27/18,Eidolon dupreanum,N,,M,A,N,N,350,130.8,NA,NA,NA,NA,NA,NA,NA,NA,NA,0,NA,6/27/19,
RR034B379,RR034B_379_uaRa,2,KEL236_urine,KEL236,urine,"AngavoKely, Madagascar",7/27/18,Eidolon dupreanum,N,,M,J,Y,N,310,116.5,NA,NA,NA,NA,NA,NA,NA,NA,NA,0,NA,1/17/19,
RR034B380,RR034B_380_uaRa,2,KEL242_urine,KEL242,urine,"AngavoKely, Madagascar",1/6/19,Eidolon dupreanum,Y,,M,A,N,N,335,125.6,NA,NA,NA,NA,NA,NA,NA,NA,NA,0,NA,1/17/19,
RR034B381,RR034B_381_uaRa,2,KEL245_urine,KEL245,urine,"AngavoKely, Madagascar",1/6/19,Eidolon dupreanum,N,,M,A,N,N,120,123,NA,NA,NA,NA,NA,NA,NA,NA,NA,0,NA,1/17/19,
RR034B382,RR034B_382_uaRa,2,KEL247_urine,KEL247,urine,"AngavoKely, Madagascar",1/6/19,Eidolon dupreanum,N,,F,NL,N,N,175,114.2,NA,NA,NA,NA,NA,NA,NA,NA,NA,0,NA,1/17/19,
RR034B383,RR034B_383_uaRa,2,KEL248_urine,KEL248,urine,"AngavoKely, Madagascar",1/6/19,Eidolon dupreanum,N,,M,A,N,N,135,131.5,NA,NA,NA,NA,NA,NA,NA,NA,NA,0,NA,1/17/19,
RR034B384,RR034B_384_uaRa,2,KEL250_urine,KEL250,urine,"AngavoKely, Madagascar",1/6/19,Eidolon dupreanum,N,,M,A,N,N,184,134.5,NA,NA,NA,NA,NA,NA,NA,NA,NA,0,NA,1/17/19,
RR034B385,RR034B_385_uaRa,2,KEL267_urine,KEL267,urine,"AngavoKely, Madagascar",1/7/19,Eidolon dupreanum,Y,,M,A,N,N,162,124.4,NA,NA,NA,NA,NA,NA,NA,NA,NA,0,NA,1/22/19,
RR034B386,RR034B_386_uaRa,2,KEL268_urine,KEL268,urine,"AngavoKely, Madagascar",1/7/19,Eidolon dupreanum,N,,M,A,N,N,182,128.2,NA,NA,NA,NA,NA,NA,NA,NA,NA,0,NA,1/22/19,
RR034B387,RR034B_387_uaRa,2,KEL269_urine,KEL269,urine,"AngavoKely, Madagascar",1/7/19,Eidolon dupreanum,Y,,M,A,N,N,245,130.8,NA,NA,NA,NA,NA,NA,NA,NA,NA,0,NA,6/27/19,
RR034B388,RR034B_388_uaRa,2,KEL270_urine,KEL270,urine,"AngavoKely, Madagascar",1/7/19,Eidolon dupreanum,N,,F,NL,N,N,125,131.3,NA,NA,NA,NA,NA,NA,NA,NA,NA,0,NA,1/22/19,
RR034B389,RR034B_389_uaRa,2,KEL271_urine,KEL271,urine,"AngavoKely, Madagascar",1/7/19,Eidolon dupreanum,N,,F,NL,N,N,315,128.8,NA,NA,NA,NA,NA,NA,NA,NA,NA,0,NA,1/22/19,
RR034B390,RR034B_390_uaRa,2,KEL272B_urine,KEL272B,urine,"AngavoKely, Madagascar",3/14/19,Eidolon dupreanum,N,,F,NL,N,N,310,150.1,NA,NA,NA,NA,NA,NA,NA,NA,NA,0,NA,5/8/19,
RR034B391,RR034B_391_uaRa,2,KEL273_urine,KEL273,urine,"AngavoKely, Madagascar",1/7/19,Eidolon dupreanum,Y,,M,A,N,N,340,126.8,NA,NA,NA,NA,NA,NA,NA,NA,NA,0,NA,1/22/19,
RR034B392,RR034B_392_uaRa,2,KEL275_urine,KEL275,urine,"AngavoKely, Madagascar",1/7/19,Eidolon dupreanum,Y,,M,A,N,N,165,128.7,NA,NA,NA,NA,NA,NA,NA,NA,NA,0,NA,1/22/19,
RR034B393,RR034B_393_uaRa,2,KEL275B_urine,KEL275B,urine,"AngavoKely, Madagascar",3/14/19,Eidolon dupreanum,N,,F,NL,N,N,210,132.1,NA,NA,NA,NA,NA,NA,NA,NA,NA,0,NA,5/8/19,
RR034B394,RR034B_394_uaRa,2,KEL278_urine,KEL278,urine,"AngavoKely, Madagascar",2/5/19,Eidolon dupreanum,N,,M,A,N,N,320,128.48,NA,NA,NA,NA,NA,NA,NA,NA,NA,0,NA,6/28/19,
RR034B395,RR034B_395_uaRa,2,KEL278B_urine,KEL278B,urine,"AngavoKely, Madagascar",3/14/19,Eidolon dupreanum,N,,F,NL,N,N,320,178,NA,NA,NA,NA,NA,NA,NA,NA,NA,0,NA,5/8/19,
RR034B396,RR034B_396_uaRa,2,KEL279_urine,KEL279,urine,"AngavoKely, Madagascar",2/5/19,Eidolon dupreanum,N,,M,A,N,N,360,135.46,NA,NA,NA,NA,NA,NA,NA,NA,NA,0,NA,6/28/19,
RR034B397,RR034B_397_uaRa,2,KEL279B_urine,KEL279B,urine,"AngavoKely, Madagascar",3/14/19,Eidolon dupreanum,N,,F,NL,N,N,305,127.3,NA,NA,NA,NA,NA,NA,NA,NA,NA,0,NA,5/8/19,
RR034B398,RR034B_398_uaRa,2,KEL280B_urine,KEL280B,urine,"AngavoKely, Madagascar",3/14/19,Eidolon dupreanum,N,,F,NL,N,N,275,126.4,NA,NA,NA,NA,NA,NA,NA,NA,NA,0,NA,5/9/19,
RR034B399,RR034B_399_uaRa,2,KEL281B_urine,KEL281B,urine,"AngavoKely, Madagascar",3/14/19,Eidolon dupreanum,N,,F,NL,N,N,290,126.8,NA,NA,NA,NA,NA,NA,NA,NA,NA,0,NA,5/8/19,
RR034B400,RR034B_400_uaRa,2,KEL283B_urine,KEL283B,urine,"AngavoKely, Madagascar",3/14/19,Eidolon dupreanum,N,,F,NL,N,N,295,131.2,NA,NA,NA,NA,NA,NA,NA,NA,NA,0,NA,5/8/19,
RR034B401,RR034B_401_uaRa,2,KEL285_urine,KEL285,urine,"AngavoKely, Madagascar",2/5/19,Eidolon dupreanum,N,,M,A,N,N,210,132.13,NA,NA,NA,NA,NA,NA,NA,NA,NA,0,NA,5/8/19,
RR034B402,RR034B_402_uaRa,2,KEL285B_urine,KEL285B,urine,"AngavoKely, Madagascar",3/15/19,Eidolon dupreanum,N,,F,NL,N,N,95,129.4,NA,NA,NA,NA,NA,NA,NA,NA,NA,0,NA,5/8/19,
RR034B403,RR034B_403_uaRa,2,KEL286B_urine,KEL286B,urine,"AngavoKely, Madagascar",3/15/19,Eidolon dupreanum,N,,F,NL,N,N,115,133.7,NA,NA,NA,NA,NA,NA,NA,NA,NA,0,NA,5/8/19,
RR034B404,RR034B_404_uaRa,2,KEL287_urine,KEL287,urine,"AngavoKely, Madagascar",2/6/19,Eidolon dupreanum,N,,M,A,N,N,350,126.07,NA,NA,NA,NA,NA,NA,NA,NA,NA,0,NA,6/27/19,
RR034B405,RR034B_405_uaRa,2,KEL289_urine,KEL289,urine,"AngavoKely, Madagascar",2/6/19,Eidolon dupreanum,N,,F,A,?,N,290,124.08,NA,NA,NA,NA,NA,NA,NA,NA,NA,0,NA,6/27/19,
RR034B406,RR034B_406_uaRa,2,KEL290_urine,KEL290,urine,"AngavoKely, Madagascar",2/6/19,Eidolon dupreanum,N,,M,A,N,,345,126.95,NA,NA,NA,NA,NA,NA,NA,NA,NA,0,NA,6/27/19,
RR034B407,RR034B_407_uaRa,2,KEL291_urine,KEL291,urine,"AngavoKely, Madagascar",2/6/19,Eidolon dupreanum,N,,F,NL,N,N,320,128,NA,NA,NA,NA,NA,NA,NA,NA,NA,0,NA,5/8/19,
RR034B408,RR034B_408_uaRa,2,KEL291B_urine,KEL291B,urine,"AngavoKely, Madagascar",3/15/19,Eidolon dupreanum,N,,F,NL,N,N,280,125.3,NA,NA,NA,NA,NA,NA,NA,NA,NA,0,NA,5/8/19,
RR034B409,RR034B_409_uaRa,2,KEL293_urine,KEL293,urine,"AngavoKely, Madagascar",2/6/19,Eidolon dupreanum,Y,,M,A,N,N,371,127.83,NA,NA,NA,NA,NA,NA,NA,NA,NA,0,NA,5/8/19,
RR034B410,RR034B_410_uaRa,2,KEL295_urine,KEL295,urine,"AngavoKely, Madagascar",2/6/19,Eidolon dupreanum,N,,M,A,N,N,340,130.36,NA,NA,NA,NA,NA,NA,NA,NA,NA,0,NA,5/8/19,
RR034B411,RR034B_411_uaRa,2,KEL296_urine,KEL296,urine,"AngavoKely, Madagascar",2/6/19,Eidolon dupreanum,N,,F,A,N,N,350,128.59,NA,NA,NA,NA,NA,NA,NA,NA,NA,0,NA,5/8/19,
RR034B412,RR034B_412_uaRa,2,KEL298_urine,KEL298,urine,"AngavoKely, Madagascar",2/6/19,Eidolon dupreanum,N,,M,A,N,N,330,123.53,NA,NA,NA,NA,NA,NA,NA,NA,NA,0,NA,5/8/19,
RR034B413,RR034B_413_uaRa,2,KEL299_urine,KEL299,urine,"AngavoKely, Madagascar",2/6/19,Eidolon dupreanum,Y,,M,A,N,N,265,119.89,NA,NA,NA,NA,NA,NA,NA,NA,NA,0,NA,5/8/19,
RR034B414,RR034B_414_uaRa,2,KEL299B_urine,KEL299B,urine,"AngavoKely, Madagascar",3/15/19,Eidolon dupreanum,N,,F,NL,N,N,260,124.3,NA,NA,NA,NA,NA,NA,NA,NA,NA,0,NA,5/8/19,
RR034B415,RR034B_415_uaRa,2,KEL305_urine,KEL305,urine,"AngavoKely, Madagascar",4/23/19,Eidolon dupreanum,N,,F,NL,,N,300,130,NA,NA,NA,NA,NA,NA,NA,NA,NA,0,NA,5/10/19,
RR034B416,RR034B_416_uaRa,2,KEL306_urine,KEL306,urine,"AngavoKely, Madagascar",4/23/19,Eidolon dupreanum,N,,F,NL,,N,325,132.1,NA,NA,NA,NA,NA,NA,NA,NA,NA,0,NA,5/10/19,
RR034B417,RR034B_417_uaRa,2,KEL309_urine,KEL309,urine,"AngavoKely, Madagascar",4/23/19,Eidolon dupreanum,N,,F,NL,,N,325,129.9,NA,NA,NA,NA,NA,NA,NA,NA,NA,0,NA,5/10/19,
RR034B418,RR034B_418_uaRa,2,KEL310_urine,KEL310,urine,"AngavoKely, Madagascar",4/23/19,Eidolon dupreanum,N,,F,NL,,N,325,132.7,NA,NA,NA,NA,NA,NA,NA,NA,NA,0,NA,5/10/19,
RR034B419,RR034B_419_uaRa,2,KEL312_urine,KEL312,urine,"AngavoKely, Madagascar",4/23/19,Eidolon dupreanum,N,,M,A,,N,305,128.9,NA,NA,NA,NA,NA,NA,NA,NA,NA,0,NA,5/10/19,
RR034B420,RR034B_420_uaRa,2,KEL315_urine,KEL315,urine,"AngavoKely, Madagascar",4/23/19,Eidolon dupreanum,N,,F,NL,,N,305,128.1,NA,NA,NA,NA,NA,NA,NA,NA,NA,0,NA,5/10/19,
RR034B421,RR034B_421_uaRa,2,KEL317_urine,KEL317,urine,"AngavoKely, Madagascar",4/23/19,Eidolon dupreanum,N,,M,A,,N,325,129.3,NA,NA,NA,NA,NA,NA,NA,NA,NA,0,NA,5/10/19,
RR034B422,RR034B_422_uaRa,2,KEL318_urine,KEL318,urine,"AngavoKely, Madagascar",4/23/19,Eidolon dupreanum,N,,F,NL,,N,230,122,NA,NA,NA,NA,NA,NA,NA,NA,NA,0,NA,5/10/19,
RR034B423,RR034B_423_uaRa,2,KEL322_urine,KEL322,urine,"AngavoKely, Madagascar",4/23/19,Eidolon dupreanum,N,,F,NL,,N,315,130.4,NA,NA,NA,NA,NA,NA,NA,NA,NA,0,NA,5/10/19,
RR034B424,RR034B_424_uaRa,2,KEL334_urine,KEL334,urine,"AngavoKely, Madagascar",4/23/19,Eidolon dupreanum,N,,F,NL,,N,280,129,NA,NA,NA,NA,NA,NA,NA,NA,NA,NA,NA,NA,
RR034B425,RR034B_425_uaRa,2,MAH1_urine,MAH1,urine,"Mahabo, Madagascar",7/13/14,Pteropus rufus,,,F,NL,,,590,166,NA,NA,NA,NA,NA,NA,NA,NA,NA,NA,NA,NA,
RR034B426,RR034B_426_uaRa,2,MAH11_urine,MAH11,urine,"Mahabo, Madagascar",7/18/14,Pteropus rufus,,,M,A,,,650,174.8,3.797260274,8.5,44,12.25,9.75,132.5,8,10.75,7,0,NA,5/12/19,
RR034B427,RR034B_427_uaRa,2,MAH12_urine,MAH12,urine,"Mahabo, Madagascar",7/18/14,Pteropus rufus,,,F,NL,,,600,169,1.797260274,14,9.5,24.5,38.25,16,19.75,27.5,10,0,NA,5/12/19,
RR034B428,RR034B_428_uaRa,2,MAH3_urine,MAH3,urine,"Mahabo, Madagascar",7/13/14,Pteropus rufus,,,M,J,,,400,105,0.783561644,12,10.5,20,251,19.5,287.75,21.5,8.75,0,NA,5/12/19,
RR034B429,RR034B_429_uaRa,2,MAH4_urine,MAH4,urine,"Mahabo, Madagascar",7/13/14,Pteropus rufus,,,F,NL,,,530,160,none,7,6,11.75,9,12.25,7.5,10.25,9.5,0,NA,5/12/19,
RR034B430,RR034B_430_uaRa,2,MAH6_urine,MAH6,urine,"Mahabo, Madagascar",7/13/14,Pteropus rufus,,,F,NL,,,510,168,1.783561644,42.75,14.25,29.25,21.5,17.75,27,12.5,22,0,NA,5/12/19,
RR034B431,RR034B_431_uaRa,2,MAH7_urine,MAH7,urine,"Mahabo, Madagascar",7/13/14,Pteropus rufus,,,M,A,,,470,160,0.783561644,13.375,14,13.375,13.5,19.25,13.875,18.125,14.75,0,NA,5/12/19,
RR034B432,RR034B_432_uaRa,2,MAK12_urine,MAK12,urine,"Makira, Madagascar",7/12/15,Pteropus rufus,,,M,A,,,780,170,none,22.5,14,25.5,27.5,23.25,13.5,20.5,20.25,0,NA,5/12/19,
RR034B433,RR034B_433_uaRa,2,MAK13_urine,MAK13,urine,"Makira, Madagascar",7/14/15,Pteropus rufus,,,M,A,,,600,160,none,10,12.5,8.75,12.5,9.5,7.5,11.5,7.5,0,NA,5/12/19,
RR034B434,RR034B_434_uaRa,2,MARO43_urine,MARO43,urine,"Marovitsika, Madagascar",9/1/14,Pteropus rufus,,,F,NL,,,455,151,0.920547945,14.5,13,17.75,12.5,12,12,11.75,11.5,0,NA,5/12/19,
RR034B435,RR034B_435_uaRa,2,MARO66_urine,MARO66,urine,"Marovitsika, Madagascar",3/11/15,Pteropus rufus,,,M,A,,,680,162,0.443835616,34.25,19,28.5,25.5,30.25,23,17,11,0,NA,5/12/19,
RR034B436,RR034B_436_uaRa,2,MARO7_urine,MARO7,urine,"Marovitsika, Madagascar",11/7/13,Pteropus rufus,,,F,L,,,510,165,none,NA,15.5,355.25,9,14.75,12,25,15.5,0,NA,5/12/19,
RR034B437,RR034B_437_uaRa,2,MARO79_urine,MARO79,urine,"Marovitsika, Madagascar",5/17/15,Pteropus rufus,,,M,J,,,510,153.6,0.62739726,7.5,8.75,22.75,7.5,11.5,10,8.75,10.5,0,NA,5/12/19,
RR034B438,RR034B_438_uaRa,2,MARO8_urine,MARO8,urine,"Marovitsika, Madagascar",11/7/13,Pteropus rufus,,,M,J,,,150,98,0.104109589,NA,8.25,177.5,8,8,12,11,7.5,0,NA,5/12/19,
RR034B439,RR034B_439_uaRa,2,MIZ136_urine,MIZ136,urine,"Maromizaha, Madagascar",2/18/18,Rousettus madagascariensis,N,,F,L,N,Y,60,67.9,NA,NA,NA,NA,NA,NA,NA,NA,NA,0,NA,5/25/19,
RR034B440,RR034B_440_uaRa,2,MIZ142_urine,MIZ142,urine,"Maromizaha, Madagascar",2/18/18,Rousettus madagascariensis,N,,M,A,N,N,60,71.3,NA,NA,NA,NA,NA,NA,NA,NA,NA,0,NA,5/17/19,
RR034B441,RR034B_441_uaRa,2,MIZ143_urine,MIZ143,urine,"Maromizaha, Madagascar",2/18/18,Rousettus madagascariensis,N,,F,NL,N,N,50,63.4,NA,NA,NA,NA,NA,NA,NA,NA,NA,0,NA,11/28/18,
RR034B442,RR034B_442_uaRa,2,MIZ144_urine,MIZ144,urine,"Maromizaha, Madagascar",2/18/18,Rousettus madagascariensis,N,,F,J,Y,Y,20,36.5,NA,NA,NA,NA,NA,NA,NA,NA,NA,0,NA,5/17/19,
RR034B443,RR034B_443_uaRa,2,MIZ151_urine,MIZ151,urine,"Maromizaha, Madagascar",2/18/18,Rousettus madagascariensis,N,,M,A,N,N,60,72.5,NA,NA,NA,NA,NA,NA,NA,NA,NA,0,NA,11/29/18,
RR034B444,RR034B_444_uaRa,2,MIZ151_urine,MIZ151,urine,"Maromizaha, Madagascar",2/18/18,Rousettus madagascariensis,N,,M,A,N,N,60,72.5,NA,NA,NA,NA,NA,NA,NA,NA,NA,0,NA,11/29/18,
RR034B445,RR034B_445_uaRa,2,MIZ152_urine,MIZ152,urine,"Maromizaha, Madagascar",2/18/18,Rousettus madagascariensis,N,,F,NL,N,N,48,68.8,NA,NA,NA,NA,NA,NA,NA,NA,NA,0,NA,5/17/19,
RR034B446,RR034B_446_uaRa,2,MIZ168_urine,MIZ168,urine,"Maromizaha, Madagascar",4/13/18,Rousettus madagascariensis,NA,,F,NL,N,N,55,73.2,NA,NA,NA,NA,NA,NA,NA,NA,NA,0,NA,5/17/19,
RR034B447,RR034B_447_uaRa,2,MIZ184_urine,MIZ184,urine,"Maromizaha, Madagascar",4/14/18,Rousettus madagascariensis,NA,,F,NL,N,N,55,72.5,NA,NA,NA,NA,NA,NA,NA,NA,NA,0,NA,11/29/18,
RR034B448,RR034B_448_uaRa,2,MIZ188_urine,MIZ188,urine,"Maromizaha, Madagascar",7/29/18,Rousettus madagascariensis,N,,M,A,N,N,55,69.7,NA,NA,NA,NA,NA,NA,NA,NA,NA,0,NA,12/4/18,
RR034B449,RR034B_449_uaRa,2,MIZ190_urine,MIZ190,urine,"Maromizaha, Madagascar",7/29/18,Rousettus madagascariensis,N,,M,A,N,N,60,71.4,NA,NA,NA,NA,NA,NA,NA,NA,NA,0,NA,12/4/18,
RR034B450,RR034B_450_uaRa,2,MIZ195_urine,MIZ195,urine,"Maromizaha, Madagascar",7/29/18,Rousettus madagascariensis,N,,F,NL,N,N,55,71.8,NA,NA,NA,NA,NA,NA,NA,NA,NA,0,NA,12/4/18,
RR034B451,RR034B_451_uaRa,2,MIZ207_urine,MIZ207,urine,"Maromizaha, Madagascar",7/29/18,Rousettus madagascariensis,N,,F,NL,N,N,40,68.2,NA,NA,NA,NA,NA,NA,NA,NA,NA,0,NA,5/25/19,
RR034B452,RR034B_452_uaRa,2,MIZ208_urine,MIZ208,urine,"Maromizaha, Madagascar",7/29/18,Rousettus madagascariensis,N,,M,A,N,N,45,72.9,NA,NA,NA,NA,NA,NA,NA,NA,NA,0,NA,12/4/18,
RR034B453,RR034B_453_uaRa,2,MIZ225_urine,MIZ225,urine,"Maromizaha, Madagascar",9/11/18,Rousettus madagascariensis,N,,F,J,Y,N,40,65.5,NA,NA,NA,NA,NA,NA,NA,NA,NA,NA,NA,NA,
RR034B454,RR034B_454_uaRa,2,MIZ236_urine,MIZ236,urine,"Maromizaha, Madagascar",9/11/18,Rousettus madagascariensis,N,,F,NL,N,N,55,70.2,NA,NA,NA,NA,NA,NA,NA,NA,NA,0,NA,5/13/19,
RR034B455,RR034B_455_uaRa,2,MIZ260_urine,MIZ260,urine,"Maromizaha, Madagascar",12/21/18,Rousettus madagascariensis,N,,M,A,Y - last year,N,26,69,NA,NA,NA,NA,NA,NA,NA,NA,NA,0,NA,5/14/19,
RR034B456,RR034B_456_uaRa,2,MIZ261_urine,MIZ261,urine,"Maromizaha, Madagascar",12/21/18,Rousettus madagascariensis,N,,F,L,N,Y,64,71.3,NA,NA,NA,NA,NA,NA,NA,NA,NA,0,NA,5/14/19,
RR034B457,RR034B_457_uaRa,2,MIZ262_urine,MIZ262,urine,"Maromizaha, Madagascar",12/21/18,Rousettus madagascariensis,N,,F,L,N,Y,38,67,NA,NA,NA,NA,NA,NA,NA,NA,NA,0,NA,5/14/19,
RR034B458,RR034B_458_uaRa,2,MIZ265_urine,MIZ265,urine,"Maromizaha, Madagascar",12/21/18,Rousettus madagascariensis,N,,M,A,N,N,56,72.2,NA,NA,NA,NA,NA,NA,NA,NA,NA,0,NA,5/14/19,
RR034B459,RR034B_459_uaRa,2,MIZ267_urine,MIZ267,urine,"Maromizaha, Madagascar",12/21/18,Rousettus madagascariensis,N,,F,J,Y,Y,42,70.4,NA,NA,NA,NA,NA,NA,NA,NA,NA,0,NA,5/14/19,
RR034B460,RR034B_460_uaRa,2,MIZ271_urine,MIZ271,urine,"Maromizaha, Madagascar",12/21/18,Rousettus madagascariensis,N,,F,L,N,Y,35,66.5,NA,NA,NA,NA,NA,NA,NA,NA,NA,NA,NA,NA,
RR034B461,RR034B_461_uaRa,2,MIZ274_urine,MIZ274,urine,"Maromizaha, Madagascar",12/22/18,Rousettus madagascariensis,N,,M,A,N,N,38,65.5,NA,NA,NA,NA,NA,NA,NA,NA,NA,NA,NA,NA,
RR034B462,RR034B_462_uaRa,2,MIZ277_urine,MIZ277,urine,"Maromizaha, Madagascar",1/3/19,Rousettus madagascariensis,Y,,M,A,Y - last year,N,43,65.5,NA,NA,NA,NA,NA,NA,NA,NA,NA,0,NA,5/13/19,
RR034B463,RR034B_463_uaRa,2,MIZ278_urine,MIZ278,urine,"Maromizaha, Madagascar",1/3/19,Rousettus madagascariensis,N,,F,L,N,Y,40,70.8,NA,NA,NA,NA,NA,NA,NA,NA,NA,0,NA,5/13/19,
RR034B464,RR034B_464_uaRa,2,MIZ279_urine,MIZ279,urine,"Maromizaha, Madagascar",1/3/19,Rousettus madagascariensis,N,,F,L,N,Y,40,68.9,NA,NA,NA,NA,NA,NA,NA,NA,NA,0,NA,5/13/19,
RR034B465,RR034B_465_uaRa,2,MIZ280_urine,MIZ280,urine,"Maromizaha, Madagascar",1/3/19,Rousettus madagascariensis,N,,M,A,N,N,54,75,NA,NA,NA,NA,NA,NA,NA,NA,NA,0,NA,5/13/19,
RR034B466,RR034B_466_uaRa,2,MIZ281_urine,MIZ281,urine,"Maromizaha, Madagascar",1/3/19,Rousettus madagascariensis,N,,M,A,Y - last year,N,55,67.5,NA,NA,NA,NA,NA,NA,NA,NA,NA,0,NA,5/13/19,
RR034B467,RR034B_467_uaRa,2,MIZ292_urine,MIZ292,urine,"Maromizaha, Madagascar",1/4/19,Rousettus madagascariensis,N,,M,A,N,N,70,69.8,NA,NA,NA,NA,NA,NA,NA,NA,NA,0,NA,5/13/19,
RR034B468,RR034B_468_uaRa,2,MIZ293_urine,MIZ293,urine,"Maromizaha, Madagascar",1/4/19,Rousettus madagascariensis,N,,M,A,N,N,68,74.6,NA,NA,NA,NA,NA,NA,NA,NA,NA,0,NA,5/13/19,
RR034B469,RR034B_469_uaRa,2,MIZ294_urine,MIZ294,urine,"Maromizaha, Madagascar",1/4/19,Rousettus madagascariensis,N,,M,A,N,N,65,73.4,NA,NA,NA,NA,NA,NA,NA,NA,NA,0,NA,5/13/19,
RR034B470,RR034B_470_uaRa,2,MIZ295_urine,MIZ295,urine,"Maromizaha, Madagascar",1/4/19,Rousettus madagascariensis,N,,F,L,N,Y,54,67.7,NA,NA,NA,NA,NA,NA,NA,NA,NA,0,NA,5/13/19,
RR034B471,RR034B_471_uaRa,2,MIZ297_urine,MIZ297,urine,"Maromizaha, Madagascar",1/5/19,Rousettus madagascariensis,N,,M,A,N,N,71,70,NA,NA,NA,NA,NA,NA,NA,NA,NA,0,NA,5/13/19,
RR034B472,RR034B_472_uaRa,2,MIZ305_urine,MIZ305,urine,"Maromizaha, Madagascar",1/8/19,Rousettus madagascariensis,N,,F,L,N,Y,78,73.5,NA,NA,NA,NA,NA,NA,NA,NA,NA,0,NA,5/25/19,
RR034B473,RR034B_473_uaRa,2,MIZ305_urine,MIZ305,urine,"Maromizaha, Madagascar",1/6/19,Rousettus madagascariensis,N,,M,J,Y,Y,14,44.8,NA,NA,NA,NA,NA,NA,NA,NA,NA,0,NA,5/25/19,
RR034B474,RR034B_474_uaRa,2,MIZ315_urine,MIZ315,urine,"Maromizaha, Madagascar",1/9/19,Rousettus madagascariensis,N,,F,L,N,Y,40,67.7,NA,NA,NA,NA,NA,NA,NA,NA,NA,0,NA,5/25/19,
RR034B475,RR034B_475_uaRa,2,MIZ316_urine,MIZ316,urine,"Maromizaha, Madagascar",1/9/19,Rousettus madagascariensis,N,,F,L,N,Y,59,69.7,NA,NA,NA,NA,NA,NA,NA,NA,NA,0,NA,5/25/19,
RR034B476,RR034B_476_uaRa,2,MIZ318_urine,MIZ318,urine,"Maromizaha, Madagascar",1/9/19,Rousettus madagascariensis,N,,M,A,N,N,50,69.4,NA,NA,NA,NA,NA,NA,NA,NA,NA,0,NA,5/25/19,
RR034B477,RR034B_477_uaRa,2,MIZ322_urine,MIZ322,urine,"Maromizaha, Madagascar",1/9/19,Rousettus madagascariensis,N,,F,L,N,Y,58,69.9,NA,NA,NA,NA,NA,NA,NA,NA,NA,0,NA,5/25/19,
RR034B478,RR034B_478_uaRa,2,MIZ338_urine,MIZ338,urine,"Maromizaha, Madagascar",1/31/19,Rousettus madagascariensis,N,,F,L,N,Y,70,68.71,NA,NA,NA,NA,NA,NA,NA,NA,NA,0,NA,5/25/19,
RR034B479,RR034B_479_uaRa,2,MIZ340_urine,MIZ340,urine,"Maromizaha, Madagascar",1/31/19,Rousettus madagascariensis,N,,F,L,N,Y,50,66.58,NA,NA,NA,NA,NA,NA,NA,NA,NA,0,NA,5/25/19,
RR034B480,RR034B_480_uaRa,2,MIZ342_urine,MIZ342,urine,"Maromizaha, Madagascar",1/31/19,Rousettus madagascariensis,Y,,F,L,N,Y,60,69.53,NA,NA,NA,NA,NA,NA,NA,NA,NA,0,NA,5/25/19,
RR034B481,RR034B_481_uaRa,2,MIZ345_urine,MIZ345,urine,"Maromizaha, Madagascar",1/31/19,Rousettus madagascariensis,N,,F,J,Y,Y,20,51.11,NA,NA,NA,NA,NA,NA,NA,NA,NA,0,NA,5/13/19,
RR034B482,RR034B_482_uaRa,2,MIZ351_urine,MIZ351,urine,"Maromizaha, Madagascar",2/1/19,Rousettus madagascariensis,N,,F,L,N,Y,55,65.33,NA,NA,NA,NA,NA,NA,NA,NA,NA,0,NA,5/25/19,
RR034B483,RR034B_483_uaRa,2,MIZ352_urine,MIZ352,urine,"Maromizaha, Madagascar",2/1/19,Rousettus madagascariensis,N,,M,A,N,N,78,73.88,NA,NA,NA,NA,NA,NA,NA,NA,NA,0,NA,5/25/19,
RR034B484,RR034B_484_uaRa,2,MIZ355_urine,MIZ355,urine,"Maromizaha, Madagascar",2/1/19,Rousettus madagascariensis,N,,F,NL,N,N,60,70.25,NA,NA,NA,NA,NA,NA,NA,NA,NA,0,NA,5/25/19,
RR034B485,RR034B_485_uaRa,2,MIZ357_urine,MIZ357,urine,"Maromizaha, Madagascar",2/1/19,Rousettus madagascariensis,N,,M,A,N,N,75,74.24,NA,NA,NA,NA,NA,NA,NA,NA,NA,0,NA,5/25/19,
RR034B486,RR034B_486_uaRa,2,MIZ359_urine,MIZ359,urine,"Maromizaha, Madagascar",2/1/19,Rousettus madagascariensis,N,,F,L,N,N,65,72.82,NA,NA,NA,NA,NA,NA,NA,NA,NA,0,NA,5/25/19,
RR034B487,RR034B_487_uaRa,2,MIZ366_urine,MIZ366,urine,"Maromizaha, Madagascar",2/1/19,Rousettus madagascariensis,N,,F,NL,N,N,60,74.2,NA,NA,NA,NA,NA,NA,NA,NA,NA,0,NA,5/25/19,
RR034B488,RR034B_488_uaRa,2,MIZ378_urine,MIZ378,urine,"Maromizaha, Madagascar",2/23/19,Rousettus madagascariensis,N,,F,J,N,N,50,69,NA,NA,NA,NA,NA,NA,NA,NA,NA,0,NA,5/25/19,
RR034B489,RR034B_489_uaRa,2,MIZ392_urine,MIZ392,urine,"Maromizaha, Madagascar",2/24/19,Rousettus madagascariensis,N,,F,J,Y,N,40,68.6,NA,NA,NA,NA,NA,NA,NA,NA,NA,0,NA,5/25/19,
RR034B490,RR034B_490_uaRa,2,MIZ396_urine,MIZ396,urine,"Maromizaha, Madagascar",2/24/19,Rousettus madagascariensis,N,,M,A,N,N,70,74,NA,NA,NA,NA,NA,NA,NA,NA,NA,0,NA,5/25/19,
RR034B491,RR034B_491_uaRa,2,MIZ400_urine,MIZ400,urine,"Maromizaha, Madagascar",2/24/19,Rousettus madagascariensis,N,,F,NL ,N,Y,50,69,NA,NA,NA,NA,NA,NA,NA,NA,NA,0,NA,5/25/19,
RR034B492,RR034B_492_uaRa,2,MIZ401_urine,MIZ401,urine,"Maromizaha, Madagascar",2/24/19,Rousettus madagascariensis,N,,M,J,Y,N,30,56,NA,NA,NA,NA,NA,NA,NA,NA,NA,0,NA,5/25/19,
RR034B493,RR034B_493_uaRa,2,MIZ403_urine,MIZ403,urine,"Maromizaha, Madagascar",4/9/19,Rousettus madagascariensis,N,,M,A,,N,75,74,NA,NA,NA,NA,NA,NA,NA,NA,NA,0,NA,5/25/19,
RR034B494,RR034B_494_uaRa,2,MIZ405_urine,MIZ405,urine,"Maromizaha, Madagascar",4/9/19,Rousettus madagascariensis,N,,M,A,,N,70,68.5,NA,NA,NA,NA,NA,NA,NA,NA,NA,0,NA,5/25/19,
RR034B495,RR034B_495_uaRa,2,MIZ407_urine,MIZ407,urine,"Maromizaha, Madagascar",4/9/19,Rousettus madagascariensis,N,,M,A,,N,60,68.9,NA,NA,NA,NA,NA,NA,NA,NA,NA,0,NA,5/25/19,
RR034B496,RR034B_496_uaRa,2,MIZ408_urine,MIZ408,urine,"Maromizaha, Madagascar",4/9/19,Rousettus madagascariensis,N,,M,A,,N,75,75,NA,NA,NA,NA,NA,NA,NA,NA,NA,0,NA,5/25/19,
RR034B497,RR034B_497_uaRa,2,MLB001_urine,MLB001,urine,"Mahialambo, Madagascar",12/13/18,Pteropus rufus,N,,F,L,N,Y,660,175,NA,NA,NA,NA,NA,NA,NA,NA,NA,0,NA,1/22/19,
RR034B498,RR034B_498_uaRa,2,MLB004_urine,MLB004,urine,"Mahialambo, Madagascar",12/16/18,Pteropus rufus,N,,F,NL,Y - last year,N,480,151.32,NA,NA,NA,NA,NA,NA,NA,NA,NA,0,NA,1/22/19,
RR034B499,RR034B_499_uaRa,2,MLB005_urine,MLB005,urine,"Mahialambo, Madagascar",12/17/18,Pteropus rufus,N,,M,A,N,N,740,170,NA,NA,NA,NA,NA,NA,NA,NA,NA,0,NA,1/22/19,
RR034B500,RR034B_500_uaRa,2,MLB006_urine,MLB006,urine,"Mahialambo, Madagascar",12/18/18,Pteropus rufus,N,,F,L,N,Y,500,160,NA,NA,NA,NA,NA,NA,NA,NA,NA,0,NA,1/22/19,
RR034B501,RR034B_501_uaRa,2,MLB009_urine,MLB009,urine,"Mahialambo, Madagascar",12/18/18,Pteropus rufus,N,,M,A,N,N,625,162,NA,NA,NA,NA,NA,NA,NA,NA,NA,0,NA,1/22/19,
RR034B502,RR034B_502_uaRa,2,KEL259_urine,KEL259,urine,"AngavoKely, Madagascar",1/6/19,Eidolon dupreanum,,,F,,,,,NA,NA,NA,NA,NA,NA,NA,NA,NA,NA,NA,NA,NA,need to find paper data in US
RR034B503,RR034B_503_uaRa,2,KEL265_urine,KEL265,urine,"AngavoKely, Madagascar",1/6/19,Eidolon dupreanum,,,F,,,,,NA,NA,NA,NA,NA,NA,NA,NA,NA,NA,NA,NA,NA,need to find paper data in US
RR034B504,RR034B_504_uaRa,2,AMB159_urine-1,AMB159,urine-1,"Ambakoana, Madagascar",1/6/19,Pteropus rufus,N,,F,A,N,N,560,164,NA,NA,NA,NA,NA,NA,NA,NA,NA,0,NA,5/25/19,
RR034B505,RR034B_505_uaRa,2,KEL159_urine-1,KEL159,urine-1,"AngavoKely, Madagascar",2/15/18,Eidolon dupreanum,N,,M,J,Y,N,275,122.3,NA,NA,NA,NA,NA,NA,NA,NA,NA,0,NA,5/25/19,
RR034B506,RR034B_506_uaRa,2,KEL234_urine-1,KEL234,urine-1,"AngavoKely, Madagascar",7/27/18,Eidolon dupreanum,N,,M,A,N,N,270,117,NA,NA,NA,NA,NA,NA,NA,NA,NA,0,NA,5/25/19,
RR034B507,RR034B_507_uaRa,2,MAH10_urine-1,MAH10,urine-1,"Mahabo, Madagascar",7/16/14,Pteropus rufus,,,M,A,,,590,170,1.791780822,13.5,10.5,35.75,11,14.75,11.5,9,15,0,NA,5/12/19,
RR034B508,RR034B_508_uaRa,2,MIZ275_urine-1,MIZ275,urine-1,"Maromizaha, Madagascar",12/22/18,Rousettus madagascariensis,N,,F,P,N,N,62,73.7,NA,NA,NA,NA,NA,NA,NA,NA,NA,0,NA,5/14/19,
RR034B509,RR034B_509_uaRa,2,MIZ281_urine-1,MIZ281,urine-1,"Maromizaha, Madagascar",1/3/19,Rousettus madagascariensis,N,,M,A,Y - last year,N,55,67.5,NA,NA,NA,NA,NA,NA,NA,NA,NA,0,NA,5/13/19,
RR034B510,RR034B_510_uaRa,2,MIZ291_urine-1,MIZ291,urine-1,"Maromizaha, Madagascar",1/4/19,Rousettus madagascariensis,N,,F,NL,Y - last year,N,52,71.2,NA,NA,NA,NA,NA,NA,NA,NA,NA,0,NA,5/13/19,
RR034B511,RR034B_511_uaRa,2,MIZ298_urine-1,MIZ298,urine-1,"Maromizaha, Madagascar",1/5/19,Rousettus madagascariensis,N,,F,NL,N,N,62,67.7,NA,NA,NA,NA,NA,NA,NA,NA,NA,0,NA,5/13/19,
RR034B512,RR034B_512_uaRa,2,MIZ300_urine-1,MIZ300,urine-1,"Maromizaha, Madagascar",1/6/19,Rousettus madagascariensis,N,,F,L,N,Y,53,68.1,NA,NA,NA,NA,NA,NA,NA,NA,NA,0,NA,5/25/19,
RR034B513,RR034B_513_uaRa,2,MIZ305_urine-1,MIZ305,urine-1,"Maromizaha, Madagascar",1/8/19,Rousettus madagascariensis,N,,F,L,N,Y,78,73.5,NA,NA,NA,NA,NA,NA,NA,NA,NA,0,NA,5/25/19,
RR034B514,RR034B_514_uaRa,2,MIZ305_urine-1,MIZ305,urine-1,"Maromizaha, Madagascar",1/6/19,Rousettus madagascariensis,N,,M,J,Y,Y,14,44.8,NA,NA,NA,NA,NA,NA,NA,NA,NA,0,NA,5/25/19,
RR034B515,RR034B_515_uaRa,2,MIZ181_urine-2,MIZ181,urine-2,"Maromizaha, Madagascar",4/14/18,Rousettus madagascariensis,NA,,M,A,N,N,60,67.6,NA,NA,NA,NA,NA,NA,NA,NA,NA,0,NA,5/25/19,
RR034B516,RR034B_516_uaRa,2,MIZ275_urine-2,MIZ275,urine-2,"Maromizaha, Madagascar",12/22/18,Rousettus madagascariensis,N,,F,P,N,N,62,73.7,NA,NA,NA,NA,NA,NA,NA,NA,NA,0,NA,5/14/19,
RR034B517,RR034B_517_uaRa,2,MIZ298_urine-2,MIZ298,urine-2,"Maromizaha, Madagascar",1/5/19,Rousettus madagascariensis,N,,F,NL,N,N,62,67.7,NA,NA,NA,NA,NA,NA,NA,NA,NA,0,NA,5/13/19,
RR034B518,RR034B_518_uaRa,2,MIZ300_urine-2,MIZ300,urine-2,"Maromizaha, Madagascar",1/6/19,Rousettus madagascariensis,N,,F,L,N,Y,53,68.1,NA,NA,NA,NA,NA,NA,NA,NA,NA,0,NA,5/25/19,